{
  "generatedAt": "2026-02-26T21:03:34.687Z",
  "nodeVersion": "v22.22.0",
  "startupRuns": 7,
  "memoryRuns": 5,
  "startup": {
    "runtime_only": {
      "unit": "ms",
      "samples": [
        104.49549999999999,
        101.70395800000006,
        101.41641699999991,
        99.83891600000004,
        100.73558400000013,
        102.83325000000013,
        101.50570800000014
      ],
      "stats": {
        "min": 99.83891600000004,
        "median": 101.50570800000014,
        "p95": 102.83325000000013,
        "max": 104.49549999999999
      }
    },
    "host_import": {
      "unit": "ms",
      "samples": [
        661.2050839999999,
        657.9174159999998,
        661.363625,
        660.986875,
        657.9094999999998,
        655.4687920000006,
        659.5504580000006
      ],
      "stats": {
        "min": 655.4687920000006,
        "median": 659.5504580000006,
        "p95": 661.2050839999999,
        "max": 661.363625
      }
    },
    "extension_import": {
      "unit": "ms",
      "samples": [
        671.3524580000003,
        663.7480830000004,
        657.5365419999998,
        645.2588750000014,
        673.7005829999998,
        670.2475000000013,
        647.2141249999986
      ],
      "stats": {
        "min": 645.2588750000014,
        "median": 663.7480830000004,
        "p95": 671.3524580000003,
        "max": 673.7005829999998
      }
    }
  },
  "startupIncrementalMs": 4.197624999999789,
  "memory": {
    "host_import": {
      "unit": "bytes",
      "samples": [
        51011472,
        51005344,
        51015496,
        51013504,
        51028560
      ],
      "stats": {
        "min": 51005344,
        "median": 51013504,
        "p95": 51015496,
        "max": 51028560
      }
    },
    "extension_import": {
      "unit": "bytes",
      "samples": [
        51172504,
        51175288,
        51162432,
        51169840,
        51161048
      ],
      "stats": {
        "min": 51161048,
        "median": 51169840,
        "p95": 51172504,
        "max": 51175288
      }
    }
  },
  "memoryIncrementalBytes": 156336,
  "responsiveness": {
    "h": {
      "unit": "us/op",
      "samples": [
        2073.1422812500005,
        2060.1282812500003,
        2060.5658542500005,
        2062.0879272499988
      ],
      "stats": {
        "min": 2060.1282812500003,
        "median": 2060.5658542500005,
        "p95": 2062.0879272499988,
        "max": 2073.1422812500005
      }
    },
    "ignored_printable": {
      "unit": "us/op",
      "samples": [
        0.32332920000008014,
        0.2107833500002016,
        0.19097710000023654,
        0.18682294999998703
      ],
      "stats": {
        "min": 0.18682294999998703,
        "median": 0.19097710000023654,
        "p95": 0.2107833500002016,
        "max": 0.32332920000008014
      }
    },
    "w_words_20": {
      "unit": "us/op",
      "samples": [
        2.4892116665068897,
        1.2866416667748126,
        1.1606066667566968,
        1.0945166669868438
      ],
      "stats": {
        "min": 1.0945166669868438,
        "median": 1.1606066667566968,
        "p95": 1.2866416667748126,
        "max": 2.4892116665068897
      }
    },
    "b_words_20": {
      "unit": "us/op",
      "samples": [
        1.222873333354073,
        0.951259999977386,
        0.5738800000108313,
        0.5304199999955017
      ],
      "stats": {
        "min": 0.5304199999955017,
        "median": 0.5738800000108313,
        "p95": 0.951259999977386,
        "max": 1.222873333354073
      }
    },
    "w_words_50": {
      "unit": "us/op",
      "samples": [
        0.4664525000589492,
        0.4644574999838369,
        0.43663249984092545,
        0.42407250015457976
      ],
      "stats": {
        "min": 0.42407250015457976,
        "median": 0.43663249984092545,
        "p95": 0.4644574999838369,
        "max": 0.4664525000589492
      }
    },
    "b_words_50": {
      "unit": "us/op",
      "samples": [
        0.47004499994727666,
        0.4940674997851602,
        0.46540750001440756,
        0.45436499942297814
      ],
      "stats": {
        "min": 0.45436499942297814,
        "median": 0.46540750001440756,
        "p95": 0.47004499994727666,
        "max": 0.4940674997851602
      }
    },
    "w_words_100": {
      "unit": "us/op",
      "samples": [
        0.6994366667155797,
        0.5935933333724582,
        0.5930533333351681,
        0.6074833333696006
      ],
      "stats": {
        "min": 0.5930533333351681,
        "median": 0.5935933333724582,
        "p95": 0.6074833333696006,
        "max": 0.6994366667155797
      }
    },
    "b_words_100": {
      "unit": "us/op",
      "samples": [
        0.7658200003303742,
        0.5832033330322398,
        0.5873433330270927,
        0.5622466666197093
      ],
      "stats": {
        "min": 0.5622466666197093,
        "median": 0.5832033330322398,
        "p95": 0.5873433330270927,
        "max": 0.7658200003303742
      }
    },
    "w_words_200": {
      "unit": "us/op",
      "samples": [
        1.1037850000866456,
        1.15227500009496,
        1.1055949998626602,
        1.10085500007699
      ],
      "stats": {
        "min": 1.10085500007699,
        "median": 1.1037850000866456,
        "p95": 1.1055949998626602,
        "max": 1.15227500009496
      }
    },
    "b_words_200": {
      "unit": "us/op",
      "samples": [
        1.1112300000240793,
        0.5643749998853309,
        0.48712499996327097,
        0.4942099999607308
      ],
      "stats": {
        "min": 0.48712499996327097,
        "median": 0.4942099999607308,
        "p95": 0.5643749998853309,
        "max": 1.1112300000240793
      }
    },
    "w_words_400": {
      "unit": "us/op",
      "samples": [
        0.9493250000862948,
        0.8802333333126929,
        0.880916666756093,
        0.8767333333404773
      ],
      "stats": {
        "min": 0.8767333333404773,
        "median": 0.8802333333126929,
        "p95": 0.880916666756093,
        "max": 0.9493250000862948
      }
    },
    "b_words_400": {
      "unit": "us/op",
      "samples": [
        0.9051750001769202,
        0.9094166658542235,
        0.9152333343687739,
        0.9263416667333028
      ],
      "stats": {
        "min": 0.9051750001769202,
        "median": 0.9094166658542235,
        "p95": 0.9152333343687739,
        "max": 0.9263416667333028
      }
    },
    "dw_words_400": {
      "unit": "us/op",
      "samples": [
        1861.8684166670694,
        1849.5774083334861,
        1846.1742916667088,
        1853.9909583338158
      ],
      "stats": {
        "min": 1846.1742916667088,
        "median": 1849.5774083334861,
        "p95": 1853.9909583338158,
        "max": 1861.8684166670694
      }
    },
    "yw_words_400": {
      "unit": "us/op",
      "samples": [
        1.712325833329184,
        1.5894441666690302,
        1.5394791666706926,
        1.0626391666664858
      ],
      "stats": {
        "min": 1.0626391666664858,
        "median": 1.5394791666706926,
        "p95": 1.5894441666690302,
        "max": 1.712325833329184
      }
    }
  }
}